205.788818359375,PSTAT,0,0,32.899302,nA,0,83,98
410.57763671875,PSTAT,0,1,40.046324,nA,1,a0,2f
419.126455078125,CHRONO A,3,2,512.061991,nA,62,80,3
427.6752734375,CHRONO A,3,2,512.034260,nA,62,80,2
436.224091796875,CHRONO A,3,2,512.740428,nA,62,80,2f
444.77291015624996,CHRONO A,3,2,512.284492,nA,62,80,12
453.346528515625,CHRONO A,3,3,541.925692,nA,63,87,7b
461.895346875,CHRONO A,3,3,524.728398,nA,63,83,2e
470.44416523437496,CHRONO A,3,3,517.413813,nA,63,81,5a
479.01778359375,CHRONO A,3,4,482.074308,nA,64,78,84
487.566601953125,CHRONO A,3,4,499.271602,nA,64,7c,d1
496.11542031249996,CHRONO A,3,4,506.586187,nA,64,7e,a5
530.3106937499999,CHRONO A,3,2,512.707571,nA,62,80,2d
538.8595121093749,CHRONO A,3,2,512.799484,nA,62,80,33
547.4083304687499,CHRONO A,3,2,512.900337,nA,62,80,39
555.9571488281249,CHRONO A,3,2,512.016055,nA,62,80,1
564.5307671874999,CHRONO A,3,3,541.925692,nA,63,87,7b
573.0795855468749,CHRONO A,3,3,524.728398,nA,63,83,2e
581.6284039062499,CHRONO A,3,3,517.413813,nA,63,81,5a
590.2020222656249,CHRONO A,3,4,482.074308,nA,64,78,84
598.7508406249999,CHRONO A,3,4,499.271602,nA,64,7c,d1
607.2996589843749,CHRONO A,3,4,506.586187,nA,64,7e,a5
10205.788818359375,PSTAT,0,0,32.798078,nA,0,83,31
10410.57763671875,PSTAT,0,1,39.800816,nA,1,9f,34
10427.98044921875,VREF/Switch Voltage,2,1C,0.801144,V,5c,0,14
10436.68185546875,Negative Charge Pump Voltage,2,1F,0.248000,V,5f,0,0
10445.38326171875,VDD Voltage,2,1D,1.802360,V,5d,0,2e
10454.084667968751,VREF/Switch Voltage,2,1C,0.801339,V,5c,0,14
10462.786074218751,VBAT Voltage,2,1B,1.537150,V,5b,0,9
10471.487480468752,GPIO2 Voltage,2,1A,0.517000,V,5a,33,b3
10480.188886718752,GPIO1 Voltage,2,19,0.420000,V,59,2a,0
10488.890292968752,GR1 Voltage,2,17,0.000000,V,57,0,0
10497.591699218752,CE1 Voltage,2,15,0.248000,V,55,18,cc
10506.293105468752,WE1 Voltage,2,11,0.300000,V,51,1e,0
10514.841923828128,CHRONO A,3,2,512.448266,nA,62,80,1c
10523.390742187503,CHRONO A,3,2,512.156743,nA,62,80,a
10531.939560546878,CHRONO A,3,2,512.251817,nA,62,80,10
10540.488378906253,CHRONO A,3,2,512.141278,nA,62,80,9
10549.061997265628,CHRONO A,3,3,541.925692,nA,63,87,7b
10557.610815625003,CHRONO A,3,3,524.728398,nA,63,83,2e
10566.159633984378,CHRONO A,3,3,517.413813,nA,63,81,5a
10574.733252343753,CHRONO A,3,4,482.074308,nA,64,78,84
10583.282070703128,CHRONO A,3,4,499.271602,nA,64,7c,d1
10591.830889062503,CHRONO A,3,4,506.586187,nA,64,7e,a5
10626.026162500004,CHRONO A,3,2,512.836144,nA,62,80,35
10634.57498085938,CHRONO A,3,2,512.825803,nA,62,80,34
10643.123799218754,CHRONO A,3,2,512.690316,nA,62,80,2c
10651.67261757813,CHRONO A,3,2,512.821448,nA,62,80,34
10660.246235937504,CHRONO A,3,3,541.925692,nA,63,87,7b
10668.79505429688,CHRONO A,3,3,524.728398,nA,63,83,2e
10677.343872656254,CHRONO A,3,3,517.413813,nA,63,81,5a
10685.917491015629,CHRONO A,3,4,482.074308,nA,64,78,84
10694.466309375004,CHRONO A,3,4,499.271602,nA,64,7c,d1
10703.01512773438,CHRONO A,3,4,506.586187,nA,64,7e,a5
20205.788818359375,PSTAT,0,0,32.097934,nA,0,80,64
20410.57763671875,PSTAT,0,1,39.657348,nA,1,9e,a1
20616.366455078125,PSTAT,1,1,38.867083,nA,21,9b,77
20624.9152734375,CHRONO A,3,2,512.141999,nA,62,80,9
20633.46409179687,CHRONO A,3,2,512.909475,nA,62,80,3a
20642.012910156245,CHRONO A,3,2,512.485748,nA,62,80,1f
20650.56172851562,CHRONO A,3,2,512.863550,nA,62,80,37
20659.13534687499,CHRONO A,3,3,541.925692,nA,63,87,7b
20667.684165234365,CHRONO A,3,3,524.728398,nA,63,83,2e
20676.232983593738,CHRONO A,3,3,517.413813,nA,63,81,5a
20684.80660195311,CHRONO A,3,4,482.074308,nA,64,78,84
20693.355420312484,CHRONO A,3,4,499.271602,nA,64,7c,d1
20701.904238671857,CHRONO A,3,4,506.586187,nA,64,7e,a5
20736.09951210935,CHRONO A,3,2,512.231458,nA,62,80,e
20744.648330468724,CHRONO A,3,2,512.423965,nA,62,80,1b
20753.197148828098,CHRONO A,3,2,512.804305,nA,62,80,33
20761.74596718747,CHRONO A,3,2,512.362589,nA,62,80,17
20770.319585546844,CHRONO A,3,3,541.925692,nA,63,87,7b
20778.868403906217,CHRONO A,3,3,524.728398,nA,63,83,2e
20787.41722226559,CHRONO A,3,3,517.413813,nA,63,81,5a
20795.990840624963,CHRONO A,3,4,482.074308,nA,64,78,84
20804.539658984337,CHRONO A,3,4,499.271602,nA,64,7c,d1
20813.08847734371,CHRONO A,3,4,506.586187,nA,64,7e,a5
30205.788818359375,PSTAT,0,0,32.766998,nA,0,83,11
30410.57763671875,PSTAT,0,1,38.720113,nA,1,9a,e1
30427.980449218747,VREF/Switch Voltage,2,1C,0.801138,V,5c,0,14
30436.681855468745,Negative Charge Pump Voltage,2,1F,0.248000,V,5f,0,0
30445.383261718744,VDD Voltage,2,1D,1.802143,V,5d,0,2e
30454.084667968742,VREF/Switch Voltage,2,1C,0.800954,V,5c,0,14
30462.78607421874,VBAT Voltage,2,1B,1.537029,V,5b,0,9
30471.48748046874,GPIO2 Voltage,2,1A,0.754000,V,5a,4b,66
30480.188886718737,GPIO1 Voltage,2,19,1.316000,V,59,83,99
30488.890292968736,GR1 Voltage,2,17,0.000000,V,57,0,0
30497.591699218734,CE1 Voltage,2,15,0.248000,V,55,18,cc
30506.293105468732,WE1 Voltage,2,11,0.300000,V,51,1e,0
30514.841923828106,CHRONO A,3,2,512.109722,nA,62,80,7
30523.39074218748,CHRONO A,3,2,512.170820,nA,62,80,a
30531.939560546853,CHRONO A,3,2,512.175229,nA,62,80,b
30540.488378906226,CHRONO A,3,2,512.818899,nA,62,80,34
30549.0619972656,CHRONO A,3,3,541.925692,nA,63,87,7b
30557.610815624972,CHRONO A,3,3,524.728398,nA,63,83,2e
30566.159633984345,CHRONO A,3,3,517.413813,nA,63,81,5a
30574.733252343718,CHRONO A,3,4,482.074308,nA,64,78,84
30583.28207070309,CHRONO A,3,4,499.271602,nA,64,7c,d1
30591.830889062465,CHRONO A,3,4,506.586187,nA,64,7e,a5
30626.02616249996,CHRONO A,3,2,512.028481,nA,62,80,1
30634.574980859332,CHRONO A,3,2,512.030982,nA,62,80,1
30643.123799218705,CHRONO A,3,2,512.725366,nA,62,80,2e
30651.67261757808,CHRONO A,3,2,512.416161,nA,62,80,1a
30660.24623593745,CHRONO A,3,3,541.925692,nA,63,87,7b
30668.795054296825,CHRONO A,3,3,524.728398,nA,63,83,2e
30677.343872656198,CHRONO A,3,3,517.413813,nA,63,81,5a
30685.91749101557,CHRONO A,3,4,482.074308,nA,64,78,84
30694.466309374944,CHRONO A,3,4,499.271602,nA,64,7c,d1
30703.015127734318,CHRONO A,3,4,506.586187,nA,64,7e,a5
40205.788818359375,PSTAT,0,0,32.590798,nA,0,82,5c
40410.57763671875,PSTAT,0,1,38.620217,nA,1,9a,7b
40419.12645507813,CHRONO A,3,2,512.592172,nA,62,80,25
40427.675273437504,CHRONO A,3,2,512.129527,nA,62,80,8
40436.22409179688,CHRONO A,3,2,512.122917,nA,62,80,7
40444.77291015626,CHRONO A,3,2,512.784970,nA,62,80,32
40453.346528515634,CHRONO A,3,3,541.925692,nA,63,87,7b
40461.89534687501,CHRONO A,3,3,524.728398,nA,63,83,2e
40470.44416523439,CHRONO A,3,3,517.413813,nA,63,81,5a
40479.017783593765,CHRONO A,3,4,482.074308,nA,64,78,84
40487.56660195314,CHRONO A,3,4,499.271602,nA,64,7c,d1
40496.11542031252,CHRONO A,3,4,506.586187,nA,64,7e,a5
40530.31069375003,CHRONO A,3,2,512.267348,nA,62,80,11
40538.859512109404,CHRONO A,3,2,512.470845,nA,62,80,1e
40547.40833046878,CHRONO A,3,2,512.444805,nA,62,80,1c
40555.95714882816,CHRONO A,3,2,512.836682,nA,62,80,35
40564.530767187534,CHRONO A,3,3,541.925692,nA,63,87,7b
40573.07958554691,CHRONO A,3,3,524.728398,nA,63,83,2e
40581.62840390629,CHRONO A,3,3,517.413813,nA,63,81,5a
40590.202022265665,CHRONO A,3,4,482.074308,nA,64,78,84
40598.75084062504,CHRONO A,3,4,499.271602,nA,64,7c,d1
40607.29965898442,CHRONO A,3,4,506.586187,nA,64,7e,a5
50205.788818359375,PSTAT,0,0,32.020342,nA,0,80,14
50410.57763671875,PSTAT,0,1,40.286352,nA,1,a1,25
50616.366455078125,PSTAT,1,1,39.370508,nA,21,9d,7b
50633.76926757813,VREF/Switch Voltage,2,1C,0.801063,V,5c,0,14
50642.47067382813,Negative Charge Pump Voltage,2,1F,0.248000,V,5f,0,0
50651.17208007813,VDD Voltage,2,1D,1.802452,V,5d,0,2e
50659.873486328135,VREF/Switch Voltage,2,1C,0.800017,V,5c,0,14
50668.57489257814,VBAT Voltage,2,1B,1.537134,V,5b,0,9
50677.27629882814,GPIO2 Voltage,2,1A,0.680000,V,5a,44,0
50685.97770507814,GPIO1 Voltage,2,19,1.370000,V,59,89,0
50694.67911132814,GR1 Voltage,2,17,0.000000,V,57,0,0
50703.380517578145,CE1 Voltage,2,15,0.248000,V,55,18,cc
50712.08192382815,WE1 Voltage,2,11,0.300000,V,51,1e,0
50720.630742187524,CHRONO A,3,2,512.537409,nA,62,80,22
50729.1795605469,CHRONO A,3,2,512.500834,nA,62,80,20
50737.72837890628,CHRONO A,3,2,512.699798,nA,62,80,2c
50746.277197265656,CHRONO A,3,2,512.125482,nA,62,80,8
50754.85081562503,CHRONO A,3,3,541.925692,nA,63,87,7b
50763.39963398441,CHRONO A,3,3,524.728398,nA,63,83,2e
50771.948452343786,CHRONO A,3,3,517.413813,nA,63,81,5a
50780.52207070316,CHRONO A,3,4,482.074308,nA,64,78,84
50789.07088906254,CHRONO A,3,4,499.271602,nA,64,7c,d1
50797.619707421916,CHRONO A,3,4,506.586187,nA,64,7e,a5
50831.814980859424,CHRONO A,3,2,512.030334,nA,62,80,1
50840.3637992188,CHRONO A,3,2,512.486843,nA,62,80,1f
50848.91261757818,CHRONO A,3,2,512.167036,nA,62,80,a
50857.461435937556,CHRONO A,3,2,512.689810,nA,62,80,2c
50866.03505429693,CHRONO A,3,3,541.925692,nA,63,87,7b
50874.58387265631,CHRONO A,3,3,524.728398,nA,63,83,2e
50883.132691015686,CHRONO A,3,3,517.413813,nA,63,81,5a
50891.70630937506,CHRONO A,3,4,482.074308,nA,64,78,84
50900.25512773444,CHRONO A,3,4,499.271602,nA,64,7c,d1
50908.803946093816,CHRONO A,3,4,506.586187,nA,64,7e,a5
60205.788818359375,PSTAT,0,0,32.990715,nA,0,83,f6
60410.57763671875,PSTAT,0,1,39.415433,nA,1,9d,a9
60419.12645507813,CHRONO A,3,2,512.578650,nA,62,80,25
60427.675273437504,CHRONO A,3,2,512.744206,nA,62,80,2f
60436.22409179688,CHRONO A,3,2,512.872093,nA,62,80,37
60444.77291015626,CHRONO A,3,2,512.923207,nA,62,80,3b
60453.346528515634,CHRONO A,3,3,541.925692,nA,63,87,7b
60461.89534687501,CHRONO A,3,3,524.728398,nA,63,83,2e
60470.44416523439,CHRONO A,3,3,517.413813,nA,63,81,5a
60479.017783593765,CHRONO A,3,4,482.074308,nA,64,78,84
60487.56660195314,CHRONO A,3,4,499.271602,nA,64,7c,d1
60496.11542031252,CHRONO A,3,4,506.586187,nA,64,7e,a5
60530.31069375003,CHRONO A,3,2,512.949478,nA,62,80,3c
60538.859512109404,CHRONO A,3,2,512.704122,nA,62,80,2d
60547.40833046878,CHRONO A,3,2,512.860419,nA,62,80,37
60555.95714882816,CHRONO A,3,2,512.199932,nA,62,80,c
60564.530767187534,CHRONO A,3,3,541.925692,nA,63,87,7b
60573.07958554691,CHRONO A,3,3,524.728398,nA,63,83,2e
60581.62840390629,CHRONO A,3,3,517.413813,nA,63,81,5a
60590.202022265665,CHRONO A,3,4,482.074308,nA,64,78,84
60598.75084062504,CHRONO A,3,4,499.271602,nA,64,7c,d1
60607.29965898442,CHRONO A,3,4,506.586187,nA,64,7e,a5
70205.78881835938,PSTAT,0,0,32.622914,nA,0,82,7d
70410.57763671875,PSTAT,0,1,38.771752,nA,1,9b,16
70427.98044921874,VREF/Switch Voltage,2,1C,0.800245,V,5c,0,14
70436.68185546873,Negative Charge Pump Voltage,2,1F,0.248000,V,5f,0,0
70445.38326171873,VDD Voltage,2,1D,1.801152,V,5d,0,2e
70454.08466796872,VREF/Switch Voltage,2,1C,0.802905,V,5c,0,14
70462.78607421872,VBAT Voltage,2,1B,1.536757,V,5b,0,9
70471.48748046871,GPIO2 Voltage,2,1A,0.675000,V,5a,43,80
70480.18888671871,GPIO1 Voltage,2,19,0.652000,V,59,41,33
70488.8902929687,GR1 Voltage,2,17,0.000000,V,57,0,0
70497.5916992187,CE1 Voltage,2,15,0.248000,V,55,18,cc
70506.29310546869,WE1 Voltage,2,11,0.300000,V,51,1e,0
70514.84192382806,CHRONO A,3,2,512.793043,nA,62,80,32
70523.39074218743,CHRONO A,3,2,512.972420,nA,62,80,3e
70531.9395605468,CHRONO A,3,2,512.217021,nA,62,80,d
70540.48837890617,CHRONO A,3,2,512.353562,nA,62,80,16
70549.06199726554,CHRONO A,3,3,541.925692,nA,63,87,7b
70557.61081562491,CHRONO A,3,3,524.728398,nA,63,83,2e
70566.15963398428,CHRONO A,3,3,517.413813,nA,63,81,5a
70574.73325234365,CHRONO A,3,4,482.074308,nA,64,78,84
70583.28207070302,CHRONO A,3,4,499.271602,nA,64,7c,d1
70591.83088906239,CHRONO A,3,4,506.586187,nA,64,7e,a5
70626.02616249987,CHRONO A,3,2,512.612663,nA,62,80,27
70634.57498085924,CHRONO A,3,2,512.791878,nA,62,80,32
70643.1237992186,CHRONO A,3,2,512.519439,nA,62,80,21
70651.67261757798,CHRONO A,3,2,512.040178,nA,62,80,2
70660.24623593735,CHRONO A,3,3,541.925692,nA,63,87,7b
70668.79505429672,CHRONO A,3,3,524.728398,nA,63,83,2e
70677.34387265609,CHRONO A,3,3,517.413813,nA,63,81,5a
70685.91749101545,CHRONO A,3,4,482.074308,nA,64,78,84
70694.46630937482,CHRONO A,3,4,499.271602,nA,64,7c,d1
70703.0151277342,CHRONO A,3,4,506.586187,nA,64,7e,a5
80042.76889179685,CHRONO B,4,3,541.925692,nA,83,87,7b
80051.31771015622,CHRONO B,4,3,524.728398,nA,83,83,2e
80059.86652851559,CHRONO B,4,3,517.413813,nA,83,81,5a
80068.44014687496,CHRONO B,4,4,482.074308,nA,84,78,84
80076.98896523433,CHRONO B,4,4,499.271602,nA,84,7c,d1
80085.5377835937,CHRONO B,4,4,506.586187,nA,84,7e,a5
80153.95313046865,CHRONO B,4,3,541.925692,nA,83,87,7b
80162.50194882802,CHRONO B,4,3,524.728398,nA,83,83,2e
80171.0507671874,CHRONO B,4,3,517.413813,nA,83,81,5a
80179.62438554676,CHRONO B,4,4,482.074308,nA,84,78,84
80188.17320390613,CHRONO B,4,4,499.271602,nA,84,7c,d1
80196.7220222655,CHRONO B,4,4,506.586187,nA,84,7e,a5
80239.46611406235,AP,5,3,360.367335,nA,a3,5a,17
80248.01493242172,AP,5,3,447.505556,nA,a3,6f,e0
80256.56375078109,AP,5,3,484.568356,nA,a3,79,24
80273.66138749983,AP,5,4,513.985047,nA,a4,80,7f
80282.2102058592,AP,5,4,572.653066,nA,a4,8f,29
80290.75902421857,AP,5,4,572.653066,nA,a4,8f,29
90205.78881835938,PSTAT,0,0,32.104561,nA,0,80,6b
90410.57763671875,PSTAT,0,1,39.161459,nA,1,9c,a5
90419.12645507812,CHRONO A,3,2,512.859822,nA,62,80,37
90427.67527343749,CHRONO A,3,2,512.855809,nA,62,80,36
90436.22409179686,CHRONO A,3,2,512.775102,nA,62,80,31
90444.77291015623,CHRONO A,3,2,512.432708,nA,62,80,1b
90453.3465285156,CHRONO A,3,3,541.925692,nA,63,87,7b
90461.89534687497,CHRONO A,3,3,524.728398,nA,63,83,2e
90470.44416523434,CHRONO A,3,3,517.413813,nA,63,81,5a
90479.0177835937,CHRONO A,3,4,482.074308,nA,64,78,84
90487.56660195308,CHRONO A,3,4,499.271602,nA,64,7c,d1
90496.11542031245,CHRONO A,3,4,506.586187,nA,64,7e,a5
90530.31069374993,CHRONO A,3,2,512.818440,nA,62,80,34
90538.8595121093,CHRONO A,3,2,512.667066,nA,62,80,2a
90547.40833046866,CHRONO A,3,2,512.482391,nA,62,80,1e
90555.95714882803,CHRONO A,3,2,512.168291,nA,62,80,a
90564.5307671874,CHRONO A,3,3,541.925692,nA,63,87,7b
90573.07958554677,CHRONO A,3,3,524.728398,nA,63,83,2e
90581.62840390614,CHRONO A,3,3,517.413813,nA,63,81,5a
90590.20202226551,CHRONO A,3,4,482.074308,nA,64,78,84
90598.75084062488,CHRONO A,3,4,499.271602,nA,64,7c,d1
90607.29965898425,CHRONO A,3,4,506.586187,nA,64,7e,a5
100205.78881835938,PSTAT,0,0,32.335524,nA,0,81,57
100410.57763671875,PSTAT,0,1,39.432659,nA,1,9d,bb
100427.98044921874,VREF/Switch Voltage,2,1C,0.801608,V,5c,0,14
100436.68185546873,Negative Charge Pump Voltage,2,1F,0.248000,V,5f,0,0
100445.38326171873,VDD Voltage,2,1D,1.801586,V,5d,0,2e
100454.08466796872,VREF/Switch Voltage,2,1C,0.800367,V,5c,0,14
100462.78607421872,VBAT Voltage,2,1B,1.538151,V,5b,0,9
100471.48748046871,GPIO2 Voltage,2,1A,1.470000,V,5a,93,0
100480.18888671871,GPIO1 Voltage,2,19,0.930000,V,59,5d,0
100488.8902929687,GR1 Voltage,2,17,0.000000,V,57,0,0
100497.5916992187,CE1 Voltage,2,15,0.248000,V,55,18,cc
100506.29310546869,WE1 Voltage,2,11,0.300000,V,51,1e,0
100514.84192382806,CHRONO A,3,2,512.539298,nA,62,80,22
100523.39074218743,CHRONO A,3,2,512.900660,nA,62,80,39
100531.9395605468,CHRONO A,3,2,512.835828,nA,62,80,35
100540.48837890617,CHRONO A,3,2,512.181289,nA,62,80,b
100549.06199726554,CHRONO A,3,3,541.925692,nA,63,87,7b
100557.61081562491,CHRONO A,3,3,524.728398,nA,63,83,2e
100566.15963398428,CHRONO A,3,3,517.413813,nA,63,81,5a
100574.73325234365,CHRONO A,3,4,482.074308,nA,64,78,84
100583.28207070302,CHRONO A,3,4,499.271602,nA,64,7c,d1
100591.83088906239,CHRONO A,3,4,506.586187,nA,64,7e,a5
100626.02616249987,CHRONO A,3,2,512.364741,nA,62,80,17
100634.57498085924,CHRONO A,3,2,512.833052,nA,62,80,35
100643.1237992186,CHRONO A,3,2,512.720460,nA,62,80,2e
100651.67261757798,CHRONO A,3,2,512.314638,nA,62,80,14
100660.24623593735,CHRONO A,3,3,541.925692,nA,63,87,7b
100668.79505429672,CHRONO A,3,3,524.728398,nA,63,83,2e
100677.34387265609,CHRONO A,3,3,517.413813,nA,63,81,5a
100685.91749101545,CHRONO A,3,4,482.074308,nA,64,78,84
100694.46630937482,CHRONO A,3,4,499.271602,nA,64,7c,d1
100703.0151277342,CHRONO A,3,4,506.586187,nA,64,7e,a5
110205.78881835938,PSTAT,0,0,32.660222,nA,0,82,a4
110410.57763671875,PSTAT,0,1,39.397969,nA,1,9d,97
110616.36645507812,PSTAT,1,1,39.995328,nA,21,9f,fb
110624.9152734375,CHRONO A,3,2,512.824380,nA,62,80,34
110633.46409179686,CHRONO A,3,2,512.200614,nA,62,80,c
110642.01291015623,CHRONO A,3,2,512.708335,nA,62,80,2d
110650.5617285156,CHRONO A,3,2,512.667326,nA,62,80,2a
110659.13534687497,CHRONO A,3,3,541.925692,nA,63,87,7b
110667.68416523434,CHRONO A,3,3,524.728398,nA,63,83,2e
110676.23298359371,CHRONO A,3,3,517.413813,nA,63,81,5a
110684.80660195308,CHRONO A,3,4,482.074308,nA,64,78,84
110693.35542031245,CHRONO A,3,4,499.271602,nA,64,7c,d1
110701.90423867182,CHRONO A,3,4,506.586187,nA,64,7e,a5
110736.0995121093,CHRONO A,3,2,512.111146,nA,62,80,7
110744.64833046867,CHRONO A,3,2,512.111293,nA,62,80,7
110753.19714882804,CHRONO A,3,2,512.939858,nA,62,80,3c
110761.74596718741,CHRONO A,3,2,512.067773,nA,62,80,4
110770.31958554678,CHRONO A,3,3,541.925692,nA,63,87,7b
110778.86840390615,CHRONO A,3,3,524.728398,nA,63,83,2e
110787.41722226552,CHRONO A,3,3,517.413813,nA,63,81,5a
110795.99084062489,CHRONO A,3,4,482.074308,nA,64,78,84
110804.53965898426,CHRONO A,3,4,499.271602,nA,64,7c,d1
110813.08847734363,CHRONO A,3,4,506.586187,nA,64,7e,a5
120205.78881835938,PSTAT,0,0,32.379191,nA,0,81,84
120410.57763671875,PSTAT,0,1,39.829467,nA,1,9f,51
120427.98044921874,VREF/Switch Voltage,2,1C,0.800283,V,5c,0,14
120436.68185546873,Negative Charge Pump Voltage,2,1F,0.248000,V,5f,0,0
120445.38326171873,VDD Voltage,2,1D,1.801527,V,5d,0,2e
120454.08466796872,VREF/Switch Voltage,2,1C,0.801089,V,5c,0,14
120462.78607421872,VBAT Voltage,2,1B,1.537425,V,5b,0,9
120471.48748046871,GPIO2 Voltage,2,1A,1.153000,V,5a,73,4c
120480.18888671871,GPIO1 Voltage,2,19,1.342000,V,59,86,33
120488.8902929687,GR1 Voltage,2,17,0.000000,V,57,0,0
120497.5916992187,CE1 Voltage,2,15,0.248000,V,55,18,cc
120506.29310546869,WE1 Voltage,2,11,0.300000,V,51,1e,0
120514.84192382806,CHRONO A,3,2,512.025641,nA,62,80,1
120523.39074218743,CHRONO A,3,2,512.243184,nA,62,80,f
120531.9395605468,CHRONO A,3,2,512.757811,nA,62,80,30
120540.48837890617,CHRONO A,3,2,512.909581,nA,62,80,3a
120549.06199726554,CHRONO A,3,3,541.925692,nA,63,87,7b
120557.61081562491,CHRONO A,3,3,524.728398,nA,63,83,2e
120566.15963398428,CHRONO A,3,3,517.413813,nA,63,81,5a
120574.73325234365,CHRONO A,3,4,482.074308,nA,64,78,84
120583.28207070302,CHRONO A,3,4,499.271602,nA,64,7c,d1
120591.83088906239,CHRONO A,3,4,506.586187,nA,64,7e,a5
120626.02616249987,CHRONO A,3,2,512.879990,nA,62,80,38
120634.57498085924,CHRONO A,3,2,512.603510,nA,62,80,26
120643.1237992186,CHRONO A,3,2,512.868412,nA,62,80,37
120651.67261757798,CHRONO A,3,2,512.038611,nA,62,80,2
120660.24623593735,CHRONO A,3,3,541.925692,nA,63,87,7b
120668.79505429672,CHRONO A,3,3,524.728398,nA,63,83,2e
120677.34387265609,CHRONO A,3,3,517.413813,nA,63,81,5a
120685.91749101545,CHRONO A,3,4,482.074308,nA,64,78,84
120694.46630937482,CHRONO A,3,4,499.271602,nA,64,7c,d1
120703.0151277342,CHRONO A,3,4,506.586187,nA,64,7e,a5
130205.78881835938,PSTAT,0,0,32.694939,nA,0,82,c7
130410.57763671875,PSTAT,0,1,39.632777,nA,1,9e,87
130419.12645507812,CHRONO A,3,2,512.246707,nA,62,80,f
130427.67527343749,CHRONO A,3,2,512.967419,nA,62,80,3d
130436.22409179686,CHRONO A,3,2,512.430617,nA,62,80,1b
130444.77291015623,CHRONO A,3,2,512.345425,nA,62,80,16
130453.3465285156,CHRONO A,3,3,541.925692,nA,63,87,7b
130461.89534687497,CHRONO A,3,3,524.728398,nA,63,83,2e
130470.44416523434,CHRONO A,3,3,517.413813,nA,63,81,5a
130479.0177835937,CHRONO A,3,4,482.074308,nA,64,78,84
130487.56660195308,CHRONO A,3,4,499.271602,nA,64,7c,d1
130496.11542031245,CHRONO A,3,4,506.586187,nA,64,7e,a5
130530.31069374993,CHRONO A,3,2,512.414241,nA,62,80,1a
130538.8595121093,CHRONO A,3,2,512.056721,nA,62,80,3
130547.40833046866,CHRONO A,3,2,512.021009,nA,62,80,1
130555.95714882803,CHRONO A,3,2,512.783194,nA,62,80,32
130564.5307671874,CHRONO A,3,3,541.925692,nA,63,87,7b
130573.07958554677,CHRONO A,3,3,524.728398,nA,63,83,2e
130581.62840390614,CHRONO A,3,3,517.413813,nA,63,81,5a
130590.20202226551,CHRONO A,3,4,482.074308,nA,64,78,84
130598.75084062488,CHRONO A,3,4,499.271602,nA,64,7c,d1
130607.29965898425,CHRONO A,3,4,506.586187,nA,64,7e,a5
140205.78881835938,PSTAT,0,0,32.447137,nA,0,81,c9
140410.57763671875,PSTAT,0,1,39.321937,nA,1,9d,49
140616.36645507812,PSTAT,1,1,39.235382,nA,21,9c,f1
140633.76926757814,VREF/Switch Voltage,2,1C,0.802955,V,5c,0,14
140642.47067382815,Negative Charge Pump Voltage,2,1F,0.248000,V,5f,0,0
140651.17208007816,VDD Voltage,2,1D,1.802977,V,5d,0,2e
140659.87348632817,VREF/Switch Voltage,2,1C,0.800034,V,5c,0,14
140668.57489257818,VBAT Voltage,2,1B,1.537999,V,5b,0,9
140677.2762988282,GPIO2 Voltage,2,1A,0.254000,V,5a,19,66
140685.9777050782,GPIO1 Voltage,2,19,1.053000,V,59,69,4c
140694.6791113282,GR1 Voltage,2,17,0.000000,V,57,0,0
140703.38051757822,CE1 Voltage,2,15,0.248000,V,55,18,cc
140712.08192382823,WE1 Voltage,2,11,0.300000,V,51,1e,0
140720.6307421876,CHRONO A,3,2,512.680898,nA,62,80,2b
140729.179560547,CHRONO A,3,2,512.912958,nA,62,80,3a
140737.72837890638,CHRONO A,3,2,512.037001,nA,62,80,2
140746.27719726576,CHRONO A,3,2,512.674118,nA,62,80,2b
140754.85081562516,CHRONO A,3,3,541.925692,nA,63,87,7b
140763.39963398455,CHRONO A,3,3,524.728398,nA,63,83,2e
140771.94845234393,CHRONO A,3,3,517.413813,nA,63,81,5a
140780.52207070333,CHRONO A,3,4,482.074308,nA,64,78,84
140789.0708890627,CHRONO A,3,4,499.271602,nA,64,7c,d1
140797.6197074221,CHRONO A,3,4,506.586187,nA,64,7e,a5
140831.81498085964,CHRONO A,3,2,512.702794,nA,62,80,2c
140840.36379921902,CHRONO A,3,2,512.894706,nA,62,80,39
140848.9126175784,CHRONO A,3,2,512.412847,nA,62,80,1a
140857.4614359378,CHRONO A,3,2,512.219573,nA,62,80,e
140866.0350542972,CHRONO A,3,3,541.925692,nA,63,87,7b
140874.58387265657,CHRONO A,3,3,524.728398,nA,63,83,2e
140883.13269101596,CHRONO A,3,3,517.413813,nA,63,81,5a
140891.70630937535,CHRONO A,3,4,482.074308,nA,64,78,84
140900.25512773474,CHRONO A,3,4,499.271602,nA,64,7c,d1
140908.80394609412,CHRONO A,3,4,506.586187,nA,64,7e,a5
150205.78881835938,PSTAT,0,0,32.164220,nA,0,80,a8
150410.57763671875,PSTAT,0,1,38.890810,nA,1,9b,90
150419.12645507813,CHRONO A,3,2,512.611574,nA,62,80,27
150427.67527343752,CHRONO A,3,2,512.629571,nA,62,80,28
150436.2240917969,CHRONO A,3,2,512.904928,nA,62,80,39
150444.7729101563,CHRONO A,3,2,512.083546,nA,62,80,5
150453.34652851569,CHRONO A,3,3,541.925692,nA,63,87,7b
150461.89534687507,CHRONO A,3,3,524.728398,nA,63,83,2e
150470.44416523445,CHRONO A,3,3,517.413813,nA,63,81,5a
150479.01778359385,CHRONO A,3,4,482.074308,nA,64,78,84
150487.56660195324,CHRONO A,3,4,499.271602,nA,64,7c,d1
150496.11542031262,CHRONO A,3,4,506.586187,nA,64,7e,a5
150530.31069375016,CHRONO A,3,2,512.255385,nA,62,80,10
150538.85951210954,CHRONO A,3,2,512.920579,nA,62,80,3a
150547.40833046893,CHRONO A,3,2,512.576767,nA,62,80,24
150555.9571488283,CHRONO A,3,2,512.120091,nA,62,80,7
150564.5307671877,CHRONO A,3,3,541.925692,nA,63,87,7b
150573.0795855471,CHRONO A,3,3,524.728398,nA,63,83,2e
150581.62840390648,CHRONO A,3,3,517.413813,nA,63,81,5a
150590.20202226588,CHRONO A,3,4,482.074308,nA,64,78,84
150598.75084062526,CHRONO A,3,4,499.271602,nA,64,7c,d1
150607.29965898464,CHRONO A,3,4,506.586187,nA,64,7e,a5
160205.78881835938,PSTAT,0,0,32.029773,nA,0,80,1e
160410.57763671875,PSTAT,0,1,39.051207,nA,1,9c,34
160427.98044921877,VREF/Switch Voltage,2,1C,0.800292,V,5c,0,14
160436.68185546878,Negative Charge Pump Voltage,2,1F,0.248000,V,5f,0,0
160445.3832617188,VDD Voltage,2,1D,1.801451,V,5d,0,2e
160454.0846679688,VREF/Switch Voltage,2,1C,0.800070,V,5c,0,14
160462.7860742188,VBAT Voltage,2,1B,1.537564,V,5b,0,9
160471.48748046882,GPIO2 Voltage,2,1A,1.085000,V,5a,6c,80
160480.18888671882,GPIO1 Voltage,2,19,0.693000,V,59,45,4c
160488.89029296883,GR1 Voltage,2,17,0.000000,V,57,0,0
160497.59169921884,CE1 Voltage,2,15,0.248000,V,55,18,cc
160506.29310546885,WE1 Voltage,2,11,0.300000,V,51,1e,0
160514.84192382824,CHRONO A,3,2,512.611450,nA,62,80,27
160523.39074218762,CHRONO A,3,2,512.069737,nA,62,80,4
160531.939560547,CHRONO A,3,2,512.630200,nA,62,80,28
160540.4883789064,CHRONO A,3,2,512.355110,nA,62,80,16
160549.0619972658,CHRONO A,3,3,541.925692,nA,63,87,7b
160557.61081562517,CHRONO A,3,3,524.728398,nA,63,83,2e
160566.15963398456,CHRONO A,3,3,517.413813,nA,63,81,5a
160574.73325234395,CHRONO A,3,4,482.074308,nA,64,78,84
160583.28207070334,CHRONO A,3,4,499.271602,nA,64,7c,d1
160591.83088906272,CHRONO A,3,4,506.586187,nA,64,7e,a5
160626.02616250026,CHRONO A,3,2,512.946441,nA,62,80,3c
160634.57498085964,CHRONO A,3,2,512.578094,nA,62,80,24
160643.12379921903,CHRONO A,3,2,512.051720,nA,62,80,3
160651.6726175784,CHRONO A,3,2,512.464097,nA,62,80,1d
160660.2462359378,CHRONO A,3,3,541.925692,nA,63,87,7b
160668.7950542972,CHRONO A,3,3,524.728398,nA,63,83,2e
160677.34387265658,CHRONO A,3,3,517.413813,nA,63,81,5a
160685.91749101598,CHRONO A,3,4,482.074308,nA,64,78,84
160694.46630937536,CHRONO A,3,4,499.271602,nA,64,7c,d1
160703.01512773475,CHRONO A,3,4,506.586187,nA,64,7e,a5
170042.76889179694,CHRONO B,4,3,541.925692,nA,83,87,7b
170051.31771015632,CHRONO B,4,3,524.728398,nA,83,83,2e
170059.8665285157,CHRONO B,4,3,517.413813,nA,83,81,5a
170068.4401468751,CHRONO B,4,4,482.074308,nA,84,78,84
170076.9889652345,CHRONO B,4,4,499.271602,nA,84,7c,d1
170085.53778359387,CHRONO B,4,4,506.586187,nA,84,7e,a5
170153.95313046896,CHRONO B,4,3,541.925692,nA,83,87,7b
170162.50194882834,CHRONO B,4,3,524.728398,nA,83,83,2e
170171.05076718773,CHRONO B,4,3,517.413813,nA,83,81,5a
170179.62438554713,CHRONO B,4,4,482.074308,nA,84,78,84
170188.1732039065,CHRONO B,4,4,499.271602,nA,84,7c,d1
170196.7220222659,CHRONO B,4,4,506.586187,nA,84,7e,a5
170239.46611406282,AP,5,3,360.367335,nA,a3,5a,17
170248.0149324222,AP,5,3,447.505556,nA,a3,6f,e0
170256.56375078158,AP,5,3,484.568356,nA,a3,79,24
170273.66138750035,AP,5,4,513.985047,nA,a4,80,7f
170282.21020585974,AP,5,4,572.653066,nA,a4,8f,29
170290.75902421912,AP,5,4,572.653066,nA,a4,8f,29
180205.78881835938,PSTAT,0,0,32.518198,nA,0,82,12
180410.57763671875,PSTAT,0,1,39.086137,nA,1,9c,58
180419.12645507813,CHRONO A,3,2,512.563728,nA,62,80,24
180427.67527343752,CHRONO A,3,2,512.293618,nA,62,80,12
180436.2240917969,CHRONO A,3,2,512.792489,nA,62,80,32
180444.7729101563,CHRONO A,3,2,512.612146,nA,62,80,27
180453.34652851569,CHRONO A,3,3,541.925692,nA,63,87,7b
180461.89534687507,CHRONO A,3,3,524.728398,nA,63,83,2e
180470.44416523445,CHRONO A,3,3,517.413813,nA,63,81,5a
180479.01778359385,CHRONO A,3,4,482.074308,nA,64,78,84
180487.56660195324,CHRONO A,3,4,499.271602,nA,64,7c,d1
180496.11542031262,CHRONO A,3,4,506.586187,nA,64,7e,a5
180530.31069375016,CHRONO A,3,2,512.272132,nA,62,80,11
180538.85951210954,CHRONO A,3,2,512.959546,nA,62,80,3d
180547.40833046893,CHRONO A,3,2,512.343610,nA,62,80,15
180555.9571488283,CHRONO A,3,2,512.273234,nA,62,80,11
180564.5307671877,CHRONO A,3,3,541.925692,nA,63,87,7b
180573.0795855471,CHRONO A,3,3,524.728398,nA,63,83,2e
180581.62840390648,CHRONO A,3,3,517.413813,nA,63,81,5a
180590.20202226588,CHRONO A,3,4,482.074308,nA,64,78,84
180598.75084062526,CHRONO A,3,4,499.271602,nA,64,7c,d1
180607.29965898464,CHRONO A,3,4,506.586187,nA,64,7e,a5
190205.78881835938,PSTAT,0,0,32.950358,nA,0,83,cd
190410.57763671875,PSTAT,0,1,39.735128,nA,1,9e,f0
190427.98044921877,VREF/Switch Voltage,2,1C,0.801688,V,5c,0,14
190436.68185546878,Negative Charge Pump Voltage,2,1F,0.248000,V,5f,0,0
190445.3832617188,VDD Voltage,2,1D,1.801682,V,5d,0,2e
190454.0846679688,VREF/Switch Voltage,2,1C,0.801015,V,5c,0,14
190462.7860742188,VBAT Voltage,2,1B,1.538662,V,5b,0,9
190471.48748046882,GPIO2 Voltage,2,1A,1.458000,V,5a,91,cc
190480.18888671882,GPIO1 Voltage,2,19,0.503000,V,59,32,4c
190488.89029296883,GR1 Voltage,2,17,0.000000,V,57,0,0
190497.59169921884,CE1 Voltage,2,15,0.248000,V,55,18,cc
190506.29310546885,WE1 Voltage,2,11,0.300000,V,51,1e,0
190514.84192382824,CHRONO A,3,2,512.116912,nA,62,80,7
190523.39074218762,CHRONO A,3,2,512.582270,nA,62,80,25
190531.939560547,CHRONO A,3,2,512.407425,nA,62,80,1a
190540.4883789064,CHRONO A,3,2,512.454241,nA,62,80,1d
190549.0619972658,CHRONO A,3,3,541.925692,nA,63,87,7b
190557.61081562517,CHRONO A,3,3,524.728398,nA,63,83,2e
190566.15963398456,CHRONO A,3,3,517.413813,nA,63,81,5a
190574.73325234395,CHRONO A,3,4,482.074308,nA,64,78,84
190583.28207070334,CHRONO A,3,4,499.271602,nA,64,7c,d1
190591.83088906272,CHRONO A,3,4,506.586187,nA,64,7e,a5
190626.02616250026,CHRONO A,3,2,512.207552,nA,62,80,d
190634.57498085964,CHRONO A,3,2,512.816833,nA,62,80,34
190643.12379921903,CHRONO A,3,2,512.320999,nA,62,80,14
190651.6726175784,CHRONO A,3,2,512.754233,nA,62,80,30
190660.2462359378,CHRONO A,3,3,541.925692,nA,63,87,7b
190668.7950542972,CHRONO A,3,3,524.728398,nA,63,83,2e
190677.34387265658,CHRONO A,3,3,517.413813,nA,63,81,5a
190685.91749101598,CHRONO A,3,4,482.074308,nA,64,78,84
190694.46630937536,CHRONO A,3,4,499.271602,nA,64,7c,d1
190703.01512773475,CHRONO A,3,4,506.586187,nA,64,7e,a5
200205.78881835938,PSTAT,0,0,32.289536,nA,0,81,28
200410.57763671875,PSTAT,0,1,39.267354,nA,1,9d,11
200616.36645507812,PSTAT,1,1,39.980752,nA,21,9f,ec
200624.9152734375,CHRONO A,3,2,512.385017,nA,62,80,18
200633.4640917969,CHRONO A,3,2,512.360363,nA,62,80,17
200642.01291015628,CHRONO A,3,2,512.011030,nA,62,80,0
200650.56172851566,CHRONO A,3,2,512.894721,nA,62,80,39
200659.13534687506,CHRONO A,3,3,541.925692,nA,63,87,7b
200667.68416523444,CHRONO A,3,3,524.728398,nA,63,83,2e
200676.23298359383,CHRONO A,3,3,517.413813,nA,63,81,5a
200684.80660195323,CHRONO A,3,4,482.074308,nA,64,78,84
200693.3554203126,CHRONO A,3,4,499.271602,nA,64,7c,d1
200701.904238672,CHRONO A,3,4,506.586187,nA,64,7e,a5
200736.09951210953,CHRONO A,3,2,512.380666,nA,62,80,18
200744.64833046892,CHRONO A,3,2,512.021219,nA,62,80,1
200753.1971488283,CHRONO A,3,2,512.595255,nA,62,80,26
200761.7459671877,CHRONO A,3,2,512.945758,nA,62,80,3c
200770.31958554708,CHRONO A,3,3,541.925692,nA,63,87,7b
200778.86840390647,CHRONO A,3,3,524.728398,nA,63,83,2e
200787.41722226585,CHRONO A,3,3,517.413813,nA,63,81,5a
200795.99084062525,CHRONO A,3,4,482.074308,nA,64,78,84
200804.53965898464,CHRONO A,3,4,499.271602,nA,64,7c,d1
200813.08847734402,CHRONO A,3,4,506.586187,nA,64,7e,a5
210205.78881835938,PSTAT,0,0,32.352481,nA,0,81,68
210410.57763671875,PSTAT,0,1,39.813822,nA,1,9f,41
210427.98044921877,VREF/Switch Voltage,2,1C,0.802621,V,5c,0,14
210436.68185546878,Negative Charge Pump Voltage,2,1F,0.248000,V,5f,0,0
210445.3832617188,VDD Voltage,2,1D,1.800858,V,5d,0,2e
210454.0846679688,VREF/Switch Voltage,2,1C,0.800864,V,5c,0,14
210462.7860742188,VBAT Voltage,2,1B,1.536980,V,5b,0,9
210471.48748046882,GPIO2 Voltage,2,1A,0.505000,V,5a,32,80
210480.18888671882,GPIO1 Voltage,2,19,1.082000,V,59,6c,33
210488.89029296883,GR1 Voltage,2,17,0.000000,V,57,0,0
210497.59169921884,CE1 Voltage,2,15,0.248000,V,55,18,cc
210506.29310546885,WE1 Voltage,2,11,0.300000,V,51,1e,0
210514.84192382824,CHRONO A,3,2,512.614139,nA,62,80,27
210523.39074218762,CHRONO A,3,2,512.787111,nA,62,80,32
210531.939560547,CHRONO A,3,2,512.464399,nA,62,80,1d
210540.4883789064,CHRONO A,3,2,512.720315,nA,62,80,2e
210549.0619972658,CHRONO A,3,3,541.925692,nA,63,87,7b
210557.61081562517,CHRONO A,3,3,524.728398,nA,63,83,2e
210566.15963398456,CHRONO A,3,3,517.413813,nA,63,81,5a
210574.73325234395,CHRONO A,3,4,482.074308,nA,64,78,84
210583.28207070334,CHRONO A,3,4,499.271602,nA,64,7c,d1
210591.83088906272,CHRONO A,3,4,506.586187,nA,64,7e,a5
210626.02616250026,CHRONO A,3,2,512.963679,nA,62,80,3d
210634.57498085964,CHRONO A,3,2,512.669698,nA,62,80,2a
210643.12379921903,CHRONO A,3,2,512.116651,nA,62,80,7
210651.6726175784,CHRONO A,3,2,512.730875,nA,62,80,2e
210660.2462359378,CHRONO A,3,3,541.925692,nA,63,87,7b
210668.7950542972,CHRONO A,3,3,524.728398,nA,63,83,2e
210677.34387265658,CHRONO A,3,3,517.413813,nA,63,81,5a
210685.91749101598,CHRONO A,3,4,482.074308,nA,64,78,84
210694.46630937536,CHRONO A,3,4,499.271602,nA,64,7c,d1
210703.01512773475,CHRONO A,3,4,506.586187,nA,64,7e,a5
220205.78881835938,PSTAT,0,0,32.079316,nA,0,80,51
220410.57763671875,PSTAT,0,1,39.441207,nA,1,9d,c3
220419.12645507813,CHRONO A,3,2,512.843885,nA,62,80,36
220427.67527343752,CHRONO A,3,2,512.605421,nA,62,80,26
220436.2240917969,CHRONO A,3,2,512.992802,nA,62,80,3f
220444.7729101563,CHRONO A,3,2,512.129223,nA,62,80,8
220453.34652851569,CHRONO A,3,3,541.925692,nA,63,87,7b
220461.89534687507,CHRONO A,3,3,524.728398,nA,63,83,2e
220470.44416523445,CHRONO A,3,3,517.413813,nA,63,81,5a
220479.01778359385,CHRONO A,3,4,482.074308,nA,64,78,84
220487.56660195324,CHRONO A,3,4,499.271602,nA,64,7c,d1
220496.11542031262,CHRONO A,3,4,506.586187,nA,64,7e,a5
220530.31069375016,CHRONO A,3,2,512.407043,nA,62,80,1a
220538.85951210954,CHRONO A,3,2,512.480846,nA,62,80,1e
220547.40833046893,CHRONO A,3,2,512.191677,nA,62,80,c
220555.9571488283,CHRONO A,3,2,512.850844,nA,62,80,36
220564.5307671877,CHRONO A,3,3,541.925692,nA,63,87,7b
220573.0795855471,CHRONO A,3,3,524.728398,nA,63,83,2e
220581.62840390648,CHRONO A,3,3,517.413813,nA,63,81,5a
220590.20202226588,CHRONO A,3,4,482.074308,nA,64,78,84
220598.75084062526,CHRONO A,3,4,499.271602,nA,64,7c,d1
220607.29965898464,CHRONO A,3,4,506.586187,nA,64,7e,a5
230205.78881835938,PSTAT,0,0,32.043767,nA,0,80,2c
230410.57763671875,PSTAT,0,1,38.421045,nA,1,99,af
230616.36645507812,PSTAT,1,1,38.439702,nA,21,99,c2
230633.76926757814,VREF/Switch Voltage,2,1C,0.800776,V,5c,0,14
230642.47067382815,Negative Charge Pump Voltage,2,1F,0.248000,V,5f,0,0
230651.17208007816,VDD Voltage,2,1D,1.800614,V,5d,0,2e
230659.87348632817,VREF/Switch Voltage,2,1C,0.802450,V,5c,0,14
230668.57489257818,VBAT Voltage,2,1B,1.537420,V,5b,0,9
230677.2762988282,GPIO2 Voltage,2,1A,0.826000,V,5a,52,99
230685.9777050782,GPIO1 Voltage,2,19,1.030000,V,59,67,0
230694.6791113282,GR1 Voltage,2,17,0.000000,V,57,0,0
230703.38051757822,CE1 Voltage,2,15,0.248000,V,55,18,cc
230712.08192382823,WE1 Voltage,2,11,0.300000,V,51,1e,0
230720.6307421876,CHRONO A,3,2,512.807891,nA,62,80,33
230729.179560547,CHRONO A,3,2,512.308783,nA,62,80,13
230737.72837890638,CHRONO A,3,2,512.556559,nA,62,80,23
230746.27719726576,CHRONO A,3,2,512.409991,nA,62,80,1a
230754.85081562516,CHRONO A,3,3,541.925692,nA,63,87,7b
230763.39963398455,CHRONO A,3,3,524.728398,nA,63,83,2e
230771.94845234393,CHRONO A,3,3,517.413813,nA,63,81,5a
230780.52207070333,CHRONO A,3,4,482.074308,nA,64,78,84
230789.0708890627,CHRONO A,3,4,499.271602,nA,64,7c,d1
230797.6197074221,CHRONO A,3,4,506.586187,nA,64,7e,a5
230831.81498085964,CHRONO A,3,2,512.952003,nA,62,80,3c
230840.36379921902,CHRONO A,3,2,512.174276,nA,62,80,b
230848.9126175784,CHRONO A,3,2,512.991378,nA,62,80,3f
230857.4614359378,CHRONO A,3,2,512.772391,nA,62,80,31
230866.0350542972,CHRONO A,3,3,541.925692,nA,63,87,7b
230874.58387265657,CHRONO A,3,3,524.728398,nA,63,83,2e
230883.13269101596,CHRONO A,3,3,517.413813,nA,63,81,5a
230891.70630937535,CHRONO A,3,4,482.074308,nA,64,78,84
230900.25512773474,CHRONO A,3,4,499.271602,nA,64,7c,d1
230908.80394609412,CHRONO A,3,4,506.586187,nA,64,7e,a5
240205.78881835938,PSTAT,0,0,32.185819,nA,0,80,be
240410.57763671875,PSTAT,0,1,40.009806,nA,1,a0,a
240419.12645507813,CHRONO A,3,2,512.832889,nA,62,80,35
240427.67527343752,CHRONO A,3,2,512.086426,nA,62,80,5
240436.2240917969,CHRONO A,3,2,512.966310,nA,62,80,3d
240444.7729101563,CHRONO A,3,2,512.368263,nA,62,80,17
240453.34652851569,CHRONO A,3,3,541.925692,nA,63,87,7b
240461.89534687507,CHRONO A,3,3,524.728398,nA,63,83,2e
240470.44416523445,CHRONO A,3,3,517.413813,nA,63,81,5a
240479.01778359385,CHRONO A,3,4,482.074308,nA,64,78,84
240487.56660195324,CHRONO A,3,4,499.271602,nA,64,7c,d1
240496.11542031262,CHRONO A,3,4,506.586187,nA,64,7e,a5
240530.31069375016,CHRONO A,3,2,512.617206,nA,62,80,27
240538.85951210954,CHRONO A,3,2,512.690210,nA,62,80,2c
240547.40833046893,CHRONO A,3,2,512.727903,nA,62,80,2e
240555.9571488283,CHRONO A,3,2,512.628204,nA,62,80,28
240564.5307671877,CHRONO A,3,3,541.925692,nA,63,87,7b
240573.0795855471,CHRONO A,3,3,524.728398,nA,63,83,2e
240581.62840390648,CHRONO A,3,3,517.413813,nA,63,81,5a
240590.20202226588,CHRONO A,3,4,482.074308,nA,64,78,84
240598.75084062526,CHRONO A,3,4,499.271602,nA,64,7c,d1
240607.29965898464,CHRONO A,3,4,506.586187,nA,64,7e,a5
250205.78881835938,PSTAT,0,0,32.575271,nA,0,82,4d
250410.57763671875,PSTAT,0,1,39.645864,nA,1,9e,95
250427.98044921877,VREF/Switch Voltage,2,1C,0.801953,V,5c,0,14
250436.68185546878,Negative Charge Pump Voltage,2,1F,0.248000,V,5f,0,0
250445.3832617188,VDD Voltage,2,1D,1.801125,V,5d,0,2e
250454.0846679688,VREF/Switch Voltage,2,1C,0.802373,V,5c,0,14
250462.7860742188,VBAT Voltage,2,1B,1.536160,V,5b,0,9
250471.48748046882,GPIO2 Voltage,2,1A,0.218000,V,5a,15,cc
250480.18888671882,GPIO1 Voltage,2,19,0.089000,V,59,8,e6
250488.89029296883,GR1 Voltage,2,17,0.000000,V,57,0,0
250497.59169921884,CE1 Voltage,2,15,0.248000,V,55,18,cc
250506.29310546885,WE1 Voltage,2,11,0.300000,V,51,1e,0
250514.84192382824,CHRONO A,3,2,512.681538,nA,62,80,2b
250523.39074218762,CHRONO A,3,2,512.863084,nA,62,80,37
250531.939560547,CHRONO A,3,2,512.151648,nA,62,80,9
250540.4883789064,CHRONO A,3,2,512.251799,nA,62,80,10
250549.0619972658,CHRONO A,3,3,541.925692,nA,63,87,7b
250557.61081562517,CHRONO A,3,3,524.728398,nA,63,83,2e
250566.15963398456,CHRONO A,3,3,517.413813,nA,63,81,5a
250574.73325234395,CHRONO A,3,4,482.074308,nA,64,78,84
250583.28207070334,CHRONO A,3,4,499.271602,nA,64,7c,d1
250591.83088906272,CHRONO A,3,4,506.586187,nA,64,7e,a5
250626.02616250026,CHRONO A,3,2,512.456724,nA,62,80,1d
250634.57498085964,CHRONO A,3,2,512.754689,nA,62,80,30
250643.12379921903,CHRONO A,3,2,512.764818,nA,62,80,30
250651.6726175784,CHRONO A,3,2,512.732276,nA,62,80,2e
250660.2462359378,CHRONO A,3,3,541.925692,nA,63,87,7b
250668.7950542972,CHRONO A,3,3,524.728398,nA,63,83,2e
250677.34387265658,CHRONO A,3,3,517.413813,nA,63,81,5a
250685.91749101598,CHRONO A,3,4,482.074308,nA,64,78,84
250694.46630937536,CHRONO A,3,4,499.271602,nA,64,7c,d1
250703.01512773475,CHRONO A,3,4,506.586187,nA,64,7e,a5
260042.76889179694,CHRONO B,4,3,541.925692,nA,83,87,7b
260051.31771015632,CHRONO B,4,3,524.728398,nA,83,83,2e
260059.8665285157,CHRONO B,4,3,517.413813,nA,83,81,5a
260068.4401468751,CHRONO B,4,4,482.074308,nA,84,78,84
260076.9889652345,CHRONO B,4,4,499.271602,nA,84,7c,d1
260085.53778359387,CHRONO B,4,4,506.586187,nA,84,7e,a5
260153.95313046896,CHRONO B,4,3,541.925692,nA,83,87,7b
260162.50194882834,CHRONO B,4,3,524.728398,nA,83,83,2e
260171.05076718773,CHRONO B,4,3,517.413813,nA,83,81,5a
260179.62438554713,CHRONO B,4,4,482.074308,nA,84,78,84
260188.1732039065,CHRONO B,4,4,499.271602,nA,84,7c,d1
260196.7220222659,CHRONO B,4,4,506.586187,nA,84,7e,a5
260239.46611406282,AP,5,3,360.367335,nA,a3,5a,17
260248.0149324222,AP,5,3,447.505556,nA,a3,6f,e0
260256.56375078158,AP,5,3,484.568356,nA,a3,79,24
260273.66138750035,AP,5,4,513.985047,nA,a4,80,7f
260282.21020585974,AP,5,4,572.653066,nA,a4,8f,29
260290.75902421912,AP,5,4,572.653066,nA,a4,8f,29
270205.7888183594,PSTAT,0,0,32.870673,nA,0,83,7b
270410.57763671875,PSTAT,0,1,39.797125,nA,1,9f,30
270419.12645507813,CHRONO A,3,2,512.543784,nA,62,80,22
270427.6752734375,CHRONO A,3,2,512.763951,nA,62,80,30
270436.2240917969,CHRONO A,3,2,512.974160,nA,62,80,3e
270444.7729101563,CHRONO A,3,2,512.372277,nA,62,80,17
270453.3465285157,CHRONO A,3,3,541.925692,nA,63,87,7b
270461.89534687507,CHRONO A,3,3,524.728398,nA,63,83,2e
270470.44416523445,CHRONO A,3,3,517.413813,nA,63,81,5a
270479.01778359385,CHRONO A,3,4,482.074308,nA,64,78,84
270487.56660195324,CHRONO A,3,4,499.271602,nA,64,7c,d1
270496.1154203126,CHRONO A,3,4,506.586187,nA,64,7e,a5
270530.31069375016,CHRONO A,3,2,512.933471,nA,62,80,3b
270538.85951210954,CHRONO A,3,2,512.615667,nA,62,80,27
270547.4083304689,CHRONO A,3,2,512.680759,nA,62,80,2b
270555.9571488283,CHRONO A,3,2,512.373810,nA,62,80,17
270564.5307671877,CHRONO A,3,3,541.925692,nA,63,87,7b
270573.0795855471,CHRONO A,3,3,524.728398,nA,63,83,2e
270581.6284039065,CHRONO A,3,3,517.413813,nA,63,81,5a
270590.2020222659,CHRONO A,3,4,482.074308,nA,64,78,84
270598.75084062526,CHRONO A,3,4,499.271602,nA,64,7c,d1
270607.29965898464,CHRONO A,3,4,506.586187,nA,64,7e,a5
280205.7888183594,PSTAT,0,0,32.830035,nA,0,83,51
280410.57763671875,PSTAT,0,1,39.268356,nA,1,9d,12
280427.98044921877,VREF/Switch Voltage,2,1C,0.801639,V,5c,0,14
280436.6818554688,Negative Charge Pump Voltage,2,1F,0.248000,V,5f,0,0
280445.3832617188,VDD Voltage,2,1D,1.800598,V,5d,0,2e
280454.0846679688,VREF/Switch Voltage,2,1C,0.802292,V,5c,0,14
280462.7860742188,VBAT Voltage,2,1B,1.538531,V,5b,0,9
280471.4874804688,GPIO2 Voltage,2,1A,0.182000,V,5a,12,33
280480.1888867188,GPIO1 Voltage,2,19,1.257000,V,59,7d,b3
280488.89029296883,GR1 Voltage,2,17,0.000000,V,57,0,0
280497.59169921884,CE1 Voltage,2,15,0.248000,V,55,18,cc
280506.29310546885,WE1 Voltage,2,11,0.300000,V,51,1e,0
280514.84192382824,CHRONO A,3,2,512.171614,nA,62,80,a
280523.3907421876,CHRONO A,3,2,512.352951,nA,62,80,16
280531.939560547,CHRONO A,3,2,512.103842,nA,62,80,6
280540.4883789064,CHRONO A,3,2,512.443964,nA,62,80,1c
280549.0619972658,CHRONO A,3,3,541.925692,nA,63,87,7b
280557.6108156252,CHRONO A,3,3,524.728398,nA,63,83,2e
280566.15963398456,CHRONO A,3,3,517.413813,nA,63,81,5a
280574.73325234395,CHRONO A,3,4,482.074308,nA,64,78,84
280583.28207070334,CHRONO A,3,4,499.271602,nA,64,7c,d1
280591.8308890627,CHRONO A,3,4,506.586187,nA,64,7e,a5
280626.02616250026,CHRONO A,3,2,512.148761,nA,62,80,9
280634.57498085964,CHRONO A,3,2,512.305770,nA,62,80,13
280643.123799219,CHRONO A,3,2,512.168796,nA,62,80,a
280651.6726175784,CHRONO A,3,2,512.553950,nA,62,80,23
280660.2462359378,CHRONO A,3,3,541.925692,nA,63,87,7b
280668.7950542972,CHRONO A,3,3,524.728398,nA,63,83,2e
280677.3438726566,CHRONO A,3,3,517.413813,nA,63,81,5a
280685.917491016,CHRONO A,3,4,482.074308,nA,64,78,84
280694.46630937536,CHRONO A,3,4,499.271602,nA,64,7c,d1
280703.01512773475,CHRONO A,3,4,506.586187,nA,64,7e,a5
290205.7888183594,PSTAT,0,0,32.889720,nA,0,83,8f
290410.57763671875,PSTAT,0,1,40.012146,nA,1,a0,c
290616.3664550781,PSTAT,1,1,39.913320,nA,21,9f,a7
290624.9152734375,CHRONO A,3,2,512.992221,nA,62,80,3f
290633.4640917969,CHRONO A,3,2,512.966503,nA,62,80,3d
290642.0129101563,CHRONO A,3,2,512.805854,nA,62,80,33
290650.56172851566,CHRONO A,3,2,512.209681,nA,62,80,d
290659.13534687506,CHRONO A,3,3,541.925692,nA,63,87,7b
290667.68416523444,CHRONO A,3,3,524.728398,nA,63,83,2e
290676.2329835938,CHRONO A,3,3,517.413813,nA,63,81,5a
290684.8066019532,CHRONO A,3,4,482.074308,nA,64,78,84
290693.3554203126,CHRONO A,3,4,499.271602,nA,64,7c,d1
290701.904238672,CHRONO A,3,4,506.586187,nA,64,7e,a5
290736.09951210953,CHRONO A,3,2,512.051241,nA,62,80,3
290744.6483304689,CHRONO A,3,2,512.076071,nA,62,80,4
290753.1971488283,CHRONO A,3,2,512.019397,nA,62,80,1
290761.7459671877,CHRONO A,3,2,512.072790,nA,62,80,4
290770.3195855471,CHRONO A,3,3,541.925692,nA,63,87,7b
290778.86840390647,CHRONO A,3,3,524.728398,nA,63,83,2e
290787.41722226585,CHRONO A,3,3,517.413813,nA,63,81,5a
290795.99084062525,CHRONO A,3,4,482.074308,nA,64,78,84
290804.53965898464,CHRONO A,3,4,499.271602,nA,64,7c,d1
290813.088477344,CHRONO A,3,4,506.586187,nA,64,7e,a5
300205.7888183594,PSTAT,0,0,32.382311,nA,0,81,87
300410.57763671875,PSTAT,0,1,39.519396,nA,1,9e,13
300427.98044921877,VREF/Switch Voltage,2,1C,0.802175,V,5c,0,14
300436.6818554688,Negative Charge Pump Voltage,2,1F,0.248000,V,5f,0,0
300445.3832617188,VDD Voltage,2,1D,1.801135,V,5d,0,2e
300454.0846679688,VREF/Switch Voltage,2,1C,0.800678,V,5c,0,14
300462.7860742188,VBAT Voltage,2,1B,1.538629,V,5b,0,9
300471.4874804688,GPIO2 Voltage,2,1A,0.406000,V,5a,28,99
300480.1888867188,GPIO1 Voltage,2,19,0.605000,V,59,3c,80
300488.89029296883,GR1 Voltage,2,17,0.000000,V,57,0,0
300497.59169921884,CE1 Voltage,2,15,0.248000,V,55,18,cc
300506.29310546885,WE1 Voltage,2,11,0.300000,V,51,1e,0
300514.84192382824,CHRONO A,3,2,512.670652,nA,62,80,2a
300523.3907421876,CHRONO A,3,2,512.188269,nA,62,80,c
300531.939560547,CHRONO A,3,2,512.489370,nA,62,80,1f
300540.4883789064,CHRONO A,3,2,512.045485,nA,62,80,2
300549.0619972658,CHRONO A,3,3,541.925692,nA,63,87,7b
300557.6108156252,CHRONO A,3,3,524.728398,nA,63,83,2e
300566.15963398456,CHRONO A,3,3,517.413813,nA,63,81,5a
300574.73325234395,CHRONO A,3,4,482.074308,nA,64,78,84
300583.28207070334,CHRONO A,3,4,499.271602,nA,64,7c,d1
300591.8308890627,CHRONO A,3,4,506.586187,nA,64,7e,a5
300626.02616250026,CHRONO A,3,2,512.213295,nA,62,80,d
300634.57498085964,CHRONO A,3,2,512.673926,nA,62,80,2b
300643.123799219,CHRONO A,3,2,512.044921,nA,62,80,2
300651.6726175784,CHRONO A,3,2,512.208470,nA,62,80,d
300660.2462359378,CHRONO A,3,3,541.925692,nA,63,87,7b
300668.7950542972,CHRONO A,3,3,524.728398,nA,63,83,2e
300677.3438726566,CHRONO A,3,3,517.413813,nA,63,81,5a
300685.917491016,CHRONO A,3,4,482.074308,nA,64,78,84
300694.46630937536,CHRONO A,3,4,499.271602,nA,64,7c,d1
300703.01512773475,CHRONO A,3,4,506.586187,nA,64,7e,a5
310205.7888183594,PSTAT,0,0,32.346979,nA,0,81,63
310410.57763671875,PSTAT,0,1,39.534498,nA,1,9e,23
310419.12645507813,CHRONO A,3,2,512.881567,nA,62,80,38
310427.6752734375,CHRONO A,3,2,512.982914,nA,62,80,3e
310436.2240917969,CHRONO A,3,2,512.031048,nA,62,80,1
310444.7729101563,CHRONO A,3,2,512.180145,nA,62,80,b
310453.3465285157,CHRONO A,3,3,541.925692,nA,63,87,7b
310461.89534687507,CHRONO A,3,3,524.728398,nA,63,83,2e
310470.44416523445,CHRONO A,3,3,517.413813,nA,63,81,5a
310479.01778359385,CHRONO A,3,4,482.074308,nA,64,78,84
310487.56660195324,CHRONO A,3,4,499.271602,nA,64,7c,d1
310496.1154203126,CHRONO A,3,4,506.586187,nA,64,7e,a5
310530.31069375016,CHRONO A,3,2,512.339573,nA,62,80,15
310538.85951210954,CHRONO A,3,2,512.067214,nA,62,80,4
310547.4083304689,CHRONO A,3,2,512.672495,nA,62,80,2b
310555.9571488283,CHRONO A,3,2,512.210564,nA,62,80,d
310564.5307671877,CHRONO A,3,3,541.925692,nA,63,87,7b
310573.0795855471,CHRONO A,3,3,524.728398,nA,63,83,2e
310581.6284039065,CHRONO A,3,3,517.413813,nA,63,81,5a
310590.2020222659,CHRONO A,3,4,482.074308,nA,64,78,84
310598.75084062526,CHRONO A,3,4,499.271602,nA,64,7c,d1
310607.29965898464,CHRONO A,3,4,506.586187,nA,64,7e,a5
320205.7888183594,PSTAT,0,0,32.551252,nA,0,82,34
320410.57763671875,PSTAT,0,1,39.245957,nA,1,9c,fb
320616.3664550781,PSTAT,1,1,39.092087,nA,21,9c,5e
320633.76926757814,VREF/Switch Voltage,2,1C,0.802212,V,5c,0,14
320642.47067382815,Negative Charge Pump Voltage,2,1F,0.248000,V,5f,0,0
320651.17208007816,VDD Voltage,2,1D,1.802884,V,5d,0,2e
320659.8734863282,VREF/Switch Voltage,2,1C,0.801201,V,5c,0,14
320668.5748925782,VBAT Voltage,2,1B,1.536048,V,5b,0,9
320677.2762988282,GPIO2 Voltage,2,1A,0.130000,V,5a,d,0
320685.9777050782,GPIO1 Voltage,2,19,0.174000,V,59,11,66
320694.6791113282,GR1 Voltage,2,17,0.000000,V,57,0,0
320703.3805175782,CE1 Voltage,2,15,0.248000,V,55,18,cc
320712.0819238282,WE1 Voltage,2,11,0.300000,V,51,1e,0
320720.6307421876,CHRONO A,3,2,512.478563,nA,62,80,1e
320729.179560547,CHRONO A,3,2,512.266568,nA,62,80,11
320737.7283789064,CHRONO A,3,2,512.946784,nA,62,80,3c
320746.27719726576,CHRONO A,3,2,512.139400,nA,62,80,8
320754.85081562516,CHRONO A,3,3,541.925692,nA,63,87,7b
320763.39963398455,CHRONO A,3,3,524.728398,nA,63,83,2e
320771.94845234393,CHRONO A,3,3,517.413813,nA,63,81,5a
320780.52207070333,CHRONO A,3,4,482.074308,nA,64,78,84
320789.0708890627,CHRONO A,3,4,499.271602,nA,64,7c,d1
320797.6197074221,CHRONO A,3,4,506.586187,nA,64,7e,a5
320831.81498085964,CHRONO A,3,2,512.658604,nA,62,80,2a
320840.363799219,CHRONO A,3,2,512.087127,nA,62,80,5
320848.9126175784,CHRONO A,3,2,512.878924,nA,62,80,38
320857.4614359378,CHRONO A,3,2,512.673903,nA,62,80,2b
320866.0350542972,CHRONO A,3,3,541.925692,nA,63,87,7b
320874.58387265657,CHRONO A,3,3,524.728398,nA,63,83,2e
320883.13269101596,CHRONO A,3,3,517.413813,nA,63,81,5a
320891.70630937535,CHRONO A,3,4,482.074308,nA,64,78,84
320900.25512773474,CHRONO A,3,4,499.271602,nA,64,7c,d1
320908.8039460941,CHRONO A,3,4,506.586187,nA,64,7e,a5
330205.7888183594,PSTAT,0,0,32.110064,nA,0,80,70
330410.57763671875,PSTAT,0,1,39.354765,nA,1,9d,6b
330419.12645507813,CHRONO A,3,2,512.828500,nA,62,80,35
330427.6752734375,CHRONO A,3,2,512.940428,nA,62,80,3c
330436.2240917969,CHRONO A,3,2,512.449331,nA,62,80,1c
330444.7729101563,CHRONO A,3,2,512.182301,nA,62,80,b
330453.3465285157,CHRONO A,3,3,541.925692,nA,63,87,7b
330461.89534687507,CHRONO A,3,3,524.728398,nA,63,83,2e
330470.44416523445,CHRONO A,3,3,517.413813,nA,63,81,5a
330479.01778359385,CHRONO A,3,4,482.074308,nA,64,78,84
330487.56660195324,CHRONO A,3,4,499.271602,nA,64,7c,d1
330496.1154203126,CHRONO A,3,4,506.586187,nA,64,7e,a5
330530.31069375016,CHRONO A,3,2,512.202484,nA,62,80,c
330538.85951210954,CHRONO A,3,2,512.356423,nA,62,80,16
330547.4083304689,CHRONO A,3,2,512.779775,nA,62,80,31
330555.9571488283,CHRONO A,3,2,512.673139,nA,62,80,2b
330564.5307671877,CHRONO A,3,3,541.925692,nA,63,87,7b
330573.0795855471,CHRONO A,3,3,524.728398,nA,63,83,2e
330581.6284039065,CHRONO A,3,3,517.413813,nA,63,81,5a
330590.2020222659,CHRONO A,3,4,482.074308,nA,64,78,84
330598.75084062526,CHRONO A,3,4,499.271602,nA,64,7c,d1
330607.29965898464,CHRONO A,3,4,506.586187,nA,64,7e,a5
340205.7888183594,PSTAT,0,0,32.853277,nA,0,83,69
340410.57763671875,PSTAT,0,1,40.062022,nA,1,a0,3f
340427.98044921877,VREF/Switch Voltage,2,1C,0.800282,V,5c,0,14
340436.6818554688,Negative Charge Pump Voltage,2,1F,0.248000,V,5f,0,0
340445.3832617188,VDD Voltage,2,1D,1.801318,V,5d,0,2e
340454.0846679688,VREF/Switch Voltage,2,1C,0.802188,V,5c,0,14
340462.7860742188,VBAT Voltage,2,1B,1.537171,V,5b,0,9
340471.4874804688,GPIO2 Voltage,2,1A,0.747000,V,5a,4a,b3
340480.1888867188,GPIO1 Voltage,2,19,1.084000,V,59,6c,66
340488.89029296883,GR1 Voltage,2,17,0.000000,V,57,0,0
340497.59169921884,CE1 Voltage,2,15,0.248000,V,55,18,cc
340506.29310546885,WE1 Voltage,2,11,0.300000,V,51,1e,0
340514.84192382824,CHRONO A,3,2,512.668027,nA,62,80,2a
340523.3907421876,CHRONO A,3,2,512.851092,nA,62,80,36
340531.939560547,CHRONO A,3,2,512.812434,nA,62,80,33
340540.4883789064,CHRONO A,3,2,512.472058,nA,62,80,1e
340549.0619972658,CHRONO A,3,3,541.925692,nA,63,87,7b
340557.6108156252,CHRONO A,3,3,524.728398,nA,63,83,2e
340566.15963398456,CHRONO A,3,3,517.413813,nA,63,81,5a
340574.73325234395,CHRONO A,3,4,482.074308,nA,64,78,84
340583.28207070334,CHRONO A,3,4,499.271602,nA,64,7c,d1
340591.8308890627,CHRONO A,3,4,506.586187,nA,64,7e,a5
340626.02616250026,CHRONO A,3,2,512.892847,nA,62,80,39
340634.57498085964,CHRONO A,3,2,512.658296,nA,62,80,2a
340643.123799219,CHRONO A,3,2,512.009490,nA,62,80,0
340651.6726175784,CHRONO A,3,2,512.096293,nA,62,80,6
340660.2462359378,CHRONO A,3,3,541.925692,nA,63,87,7b
340668.7950542972,CHRONO A,3,3,524.728398,nA,63,83,2e
340677.3438726566,CHRONO A,3,3,517.413813,nA,63,81,5a
340685.917491016,CHRONO A,3,4,482.074308,nA,64,78,84
340694.46630937536,CHRONO A,3,4,499.271602,nA,64,7c,d1
340703.01512773475,CHRONO A,3,4,506.586187,nA,64,7e,a5
350042.76889179694,CHRONO B,4,3,541.925692,nA,83,87,7b
350051.3177101563,CHRONO B,4,3,524.728398,nA,83,83,2e
350059.8665285157,CHRONO B,4,3,517.413813,nA,83,81,5a
350068.4401468751,CHRONO B,4,4,482.074308,nA,84,78,84
350076.9889652345,CHRONO B,4,4,499.271602,nA,84,7c,d1
350085.53778359387,CHRONO B,4,4,506.586187,nA,84,7e,a5
350153.95313046896,CHRONO B,4,3,541.925692,nA,83,87,7b
350162.50194882834,CHRONO B,4,3,524.728398,nA,83,83,2e
350171.0507671877,CHRONO B,4,3,517.413813,nA,83,81,5a
350179.6243855471,CHRONO B,4,4,482.074308,nA,84,78,84
350188.1732039065,CHRONO B,4,4,499.271602,nA,84,7c,d1
350196.7220222659,CHRONO B,4,4,506.586187,nA,84,7e,a5
350239.4661140628,AP,5,3,360.367335,nA,a3,5a,17
350248.0149324222,AP,5,3,447.505556,nA,a3,6f,e0
350256.5637507816,AP,5,3,484.568356,nA,a3,79,24
350273.66138750035,AP,5,4,513.985047,nA,a4,80,7f
350282.21020585974,AP,5,4,572.653066,nA,a4,8f,29
350290.7590242191,AP,5,4,572.653066,nA,a4,8f,29
